original_file,bytes,sha256,deployment
2017-06-28 10.20.46.jpg,1865225,2e355278c35b0a165a55b3a6246281b102dbd2a4277651e24be07f7909c3942c,Not deployed; retain in original wix.zip
20170613_163943 - Copy.jpg,1830529,564abc6d8f882ffcf61aff6d90cee4a338ba275df40f068e5a5bd95601320aaa,Not deployed; retain in original wix.zip
20170613_163943.jpg,1830529,564abc6d8f882ffcf61aff6d90cee4a338ba275df40f068e5a5bd95601320aaa,Not deployed; retain in original wix.zip
BCCUNYhoriz_PMS288_PMS286.jpg,44724,8f0d8c3cb0c4ade1bc9ab6dd80338c6180eacb699009c8421142a2e267f3342d,Not deployed; retain in original wix.zip
DSC05616-small.jpeg,97590,2f889df066579f278ac084fd5e09b4a23cc9d7f319a8f0c95ab607072b2ae33f,Not deployed; retain in original wix.zip
DSC05616.JPG,97744,d853d94bd9ae7c6d3a0b8b5f2907ce79355b881f80391864439ddb88974ac9ca,Not deployed; retain in original wix.zip
Discrete_Geometry_for_Undergraduate_Students.pdf,1878670,5c42a774c5e5ec00d17b0c024a7697f1bf9230ad270a53f2dcb4bab3e545c1ec,/files/archive/combinatorial-geometry-local-copy.pdf
Escudo-UNAM-escalable.svg.png,248398,5e748de209dc8748b73bffe4c5b93edfdec02c4f0bfe5ba4327a63df23bf5afe,Not deployed; retain in original wix.zip
NU_COS_Logo_2013.zip,7879425,2f862e53a087f89c4aac5d51d61c89d96c86db85140ee704b441a5d4926cfd84,Not deployed; retain in original wix.zip
NU_Primary_Logo_2013.zip,4309139,dcb3c66bc09fd86934b84eee7ac65a816c86f5ffb1c7d84eaa785cc6b78296c1,Not deployed; retain in original wix.zip
Tverberg-lines.png,11626,4c1a6102311431a6a8cddcd8689e9e0b563fc7427b6fc7dd3c66e11d2861cc83,Not deployed; retain in original wix.zip
University_College_London_logo.svg.png,7730,2453e196ec544bdaa101318c1c0e36d591ffa50318166ffbc32986b64a446baf,Not deployed; retain in original wix.zip
back.ipe,9509,e30f1378147dad5bddc68f32b9aea0e9e6e3b41fcf0d5d0a9e2c91c9e0bdeaac,Not deployed; retain in original wix.zip
back.png,64442,697191194a097f7681093e6a2fbdc818605a72b4d961789948849d7b4dd7c30b,Not deployed; retain in original wix.zip
bcstackedwCUNY_000.jpg,13807,48b41fb2172cda1b960fe9558523cee613f7e1c7917c48a249ecf4bebe811e6e,Not deployed; retain in original wix.zip
birch-top.png,16928,08ff75f84d861a338406d7db0f0ca5b1597eeeecafdbb7a3d6be337d0d2ce42d,Not deployed; retain in original wix.zip
book-omm.jpg,81610,75d579413e0d1f9e49dba8e607c1a50c1a4167cb7300de20b14879800a7c1799,/images/book-combinatoria.webp
book.jpg,104371,d9fa9c169c66e2d59939fabef6260557095669ab55a5ae5e32b58070d32ebc07,/images/book-combinatorics.webp
box-4.pdf,42456,d43d4f9db2a28fcd06aa100f12af4b9641ff1570349a916b5f56e6008d2b32bf,Not deployed; retain in original wix.zip
box4.png,83478,2491492561846bd63d2614bf9fd2cf3352b73e0db957e4ebbdf993fc0810a98f,Not deployed; retain in original wix.zip
break-sym.pdf,298650,19fd729b6c7fea630fd65a456444e314acd685a770d50214967d8faffbc4070c,Not deployed; retain in original wix.zip
breaking-symmetries.png,1153399,130de7c32efe0f68653a8f8bebbbe01e6dcf53c99ae57d185fac832168632660,/images/finite-groups-polytopes.webp
centerpoint.png,63016,c1700891d0cf5d37a359fb4d59cc9d34c3867365d7bf05991155f3dc621c19d7,Not deployed; retain in original wix.zip
centerpoint4.pdf,4348,3dd0fad34b101be368b9a92bc8d465bd6a055e7d929827a1cf877a8fb8b9c278,Not deployed; retain in original wix.zip
cilindro.png,107548,3353d63f24584f873687479cfece4c24ff8ff22208f1ddfbece81afd2c95542b,/images/mass-partitions.webp
clip.png,1781,9e1321468a5c550b38580043b0476a2a23a4338efbc4ca3d50d3fda33fb6a6c7,Not deployed; retain in original wix.zip
clip2.png,2492,8bcc0f0e1f207c17a998b2ddc421d0822502a3e996ceedbc5684cd791244c7bc,Not deployed; retain in original wix.zip
corona/cases-03-26.png,46946,cda58acbbd2f660b46091112e75a958899dffdbf7b353a0014517877f01e3588,Not deployed; retain in original wix.zip
corona/cases-03-27.png,47926,695e1070c1fbc30745cb588e2df7e5203772155a898811227c8af40168f83601,Not deployed; retain in original wix.zip
corona/cases-03-28.png,49346,2454503897f9a2277da9dea1a3c9415dcce1536b552d0c8081a0216070c15e71,Not deployed; retain in original wix.zip
corona/cases-03-29.png,49698,622a2c18918524ee4355b008b99c6aded4e208940df3d791578495db9425d77a,Not deployed; retain in original wix.zip
corona/cases-03-30.png,50789,18f291e0b44c437f6cc911bfc365c44426d01d3d91351cc1e28cd04828b9dcd7,Not deployed; retain in original wix.zip
corona/cases-04-01.png,53148,01272bcd06e6f2e8da69ff7802603bbebba86ddd503a8306ad6850b6836ebad6,Not deployed; retain in original wix.zip
corona/cases-04-02.png,50739,eadd1d2c5d5856f5af0c89260cc9327d75fe696c0da1587dcbcf7bc43d2f97c8,Not deployed; retain in original wix.zip
corona/cases-04-03.png,51423,3d0edb0cb08f3dd4d7ffe82561db5ddaea16166b3b52ad377c1cf846be69eb1e,Not deployed; retain in original wix.zip
corona/cases-04-04.png,58696,342dcd4a018e9de375602d2940f2284a0eb61f36b1a0cbf8bef459a5e02094b1,Not deployed; retain in original wix.zip
corona/cases-04-05.png,60097,955422b941d10b3be1dc2823fe9febc2c924d5227fc40662ee6437162d93b88a,Not deployed; retain in original wix.zip
corona/cases-04-06.png,60596,5a36bbc124684b593eff03c385127f9057053da9ac4941c30cb453d176944490,Not deployed; retain in original wix.zip
corona/cases-04-08.png,62298,44f0854a969be4cc57d8f7b321ac54acf78253cd7d6ef583987655818dd725b1,Not deployed; retain in original wix.zip
corona/cases-04-10.png,57309,5cca2ea7c806820c689efb463b73b4ef66fc4d8c639b84c077396aeccabd78c7,Not deployed; retain in original wix.zip
corona/cases-semilog-03-26.png,51027,3a6441d173aeda6c0bc1fff87ea22f65d18402b53c8648f9b41a6e5e17956c17,Not deployed; retain in original wix.zip
corona/cases-semilog-03-27.png,50305,35f1eb2dd3b0e1e892991ff7772b22efae6e3e429a82d197009f13d65f52e1ab,Not deployed; retain in original wix.zip
corona/cases-semilog-03-28.png,50426,3c91bd07d9cd06ff44308972ec0cabf63d8ca25fa6a07f14e275fd63f27ae906,Not deployed; retain in original wix.zip
corona/cases-semilog-03-29.png,51843,261f6d4a34025ba8ec541ed4bc90493194857deadb3fce5186beb3ff34544e73,Not deployed; retain in original wix.zip
corona/cases-semilog-03-30.png,52564,f1bbefd0471d0a84955ef5d99cdab5ce58a1c017cdc50227b4aab4f288f43940,Not deployed; retain in original wix.zip
corona/cases-semilog-04-01.png,51698,c2be5811e61d173e290e2f700b6e214ee415a147a917018e609efa05cef96368,Not deployed; retain in original wix.zip
corona/cases-semilog-04-02.png,51788,29ed883991419e6b9fd7cc83e6426fa392b77184b0bdc0ab70509ad64e6e91d2,Not deployed; retain in original wix.zip
corona/cases-semilog-04-03.png,54191,216ccd20d59391225d3af9595a5dd100d99c1aacdf71223f2fa0d33bb00c88b8,Not deployed; retain in original wix.zip
corona/cases-semilog-04-04.png,53124,8220532e416c55202dae2e28c64173b3dda7607d7998d228e4d1ce54c07dec53,Not deployed; retain in original wix.zip
corona/cases-semilog-04-05.png,61985,eb771e32786bf970ddb861c740430aea26c960dda572da085d7823845aac2c74,Not deployed; retain in original wix.zip
corona/cases-semilog-04-06.png,63041,4751cfb093eb2216b922ede7b6b7d1bfa6a8a10151313c45b77603f56d8b40bc,Not deployed; retain in original wix.zip
corona/cases-semilog-04-08.png,62750,bd5713ed7cc8b81545a73efacd2c6802058cbbd7ff233a0288cbc857da207b48,Not deployed; retain in original wix.zip
corona/cases-semilog-04-10.png,54574,81bccfda3d2c6f431d40f4a8cf0fa7846fe80bc8778ca8a46b53ede376fbe5ea,Not deployed; retain in original wix.zip
corona/cases-trends-03-26.png,115939,f83aec171095383457767d7d70f598bd42d950b8b4bc1fc8d9b5c1685ad5632e,Not deployed; retain in original wix.zip
corona/cases-trends-03-27.png,123626,198c7e04e2d201849c9f18e6561f62aa96f64579a89ac28ed2b5db21b5beb999,Not deployed; retain in original wix.zip
corona/cases-trends-03-28.png,124693,d91042744fe8130b35f71a5edfe83abd9871d4d3085490aa6540111574d437fe,Not deployed; retain in original wix.zip
corona/cases-trends-03-29.png,122537,0d8154fa9d59fbbdbc903f161f074e83543c1bac0d510940200cb2287cba2607,Not deployed; retain in original wix.zip
corona/cases-trends-03-30.png,123638,e3b589abcbdab83a503da3a6c5a3e920aaa658fd4990a42f882e572b77a70814,Not deployed; retain in original wix.zip
corona/cases-trends-04-01.png,123228,3890e4937b1fe8c564f1c3f5d3471da855a8e6a581af09b2de4a203463e3156a,Not deployed; retain in original wix.zip
corona/cases-trends-04-02.png,124760,1ebc7ab80fc787cce031a5660378c2363da8f587c57d9d28d10a78678868ce64,Not deployed; retain in original wix.zip
corona/cases-trends-04-03.png,122789,0e8146490923d3cbfa2c45392e140879481c7f2ace682d6beda9da83dac89b2d,Not deployed; retain in original wix.zip
corona/cases-trends-04-04.png,111832,0613d668eebf122ea142dcbfe5426af89fe9334b8f996207c52e444fafe891f5,Not deployed; retain in original wix.zip
corona/cases-trends-04-05.png,112730,9983d86359da7fa031a06f5d827f6bf797be3e002f598fc06f583cfa317b0636,Not deployed; retain in original wix.zip
corona/cases-trends-04-06.png,114044,a4a46e1a1cd69b8679c7172acc8efdca49bdb4e88a856ac3b90188f9e13bc5bd,Not deployed; retain in original wix.zip
corona/cases-trends-04-08.png,113240,c6ea2ef9556bc87d2c319f97749166c47f1ea6f3930adf911dbcbc8fb1330364,Not deployed; retain in original wix.zip
corona/cases-trends-04-10.png,114612,48eec0025cf910495f55cd4c5d7251bdca3511e770dde2654270ce9e1a399a94,Not deployed; retain in original wix.zip
cos-270.png,4858,2388285cd19938314881199baded757cdeefd54eb767f702ef6f4df41f72a668,Not deployed; retain in original wix.zip
dsc05616-1.jpg,251198,78962cc4c8e738b059a1687034fbb439d9c635a7bb846316aa169ef9aac28060,/images/pablo-soberon.webp
extra.pdf,3521,955f14e9aba5aa029f7d520d7ab1dfcb726ac942983c342b2e7b3125bbf185f5,Not deployed; retain in original wix.zip
fig1-Tverberg.pdf,21651,8f3772639e7d598c16e690bc129c345aa1339f9e1d16951e63419ba05a376c71,Not deployed; retain in original wix.zip
fig2.5-Topolgical.pdf,31702,a9333bd950230101efa40a80e7db0df2c9b3c51080d0cf5d0b24f9f6a48aed84,Not deployed; retain in original wix.zip
fig2.5.png,152866,3cb8339ab7309725b77080fce6aab9ffa9fd3af73c28cd3fd60d3ec13d9693ad,Not deployed; retain in original wix.zip
figura-cilindro.pdf,42492,0bea7565121f90317629b18feb80b85fe039a06da8a7c6f985299619ab8dfe22,Not deployed; retain in original wix.zip
foto-lowquality.jpg,290645,6de56a78b7a6292584f8118acdfc790c00656ba61322a258d50e6960f6a9286b,/images/at-the-blackboard.webp
gerrymandering.pdf,8995,56b9c466bcb4d70f5c4e5a82edf3bafbc1e672ece4e27471947a7af136c39166,Not deployed; retain in original wix.zip
gerrymandering.png,5940,ccd76b65b2a57e26827f257e8a78b21376fcbaf5e2771c511290ccb7556c2616,Not deployed; retain in original wix.zip
graph-theory.pdf,15143,f3ea4394550c2b66b3ff077481d0cc511621f8f9c2af4b1ee6215d6ca04404a3,Not deployed; retain in original wix.zip
graph-theory.png,75226,0e9761367f24b638cdb62d1ed66dcbf9dfa9926c5c623b30cd7521efbd387aa7,/images/graph-homomorphism-partition-function.webp
helly.png,15368,8af8a824a2284493720cef8c30db9b8d01f53237b361a331b068f8b159991d4d,/images/helly-new-variations-survey.webp
nycgeometry.jpg,64624,9cef5a297594341c04647d78787143f63cf0d77fe4b30d740b454f61d2c51198,/images/nyc-geometry.webp
png/2024-TSVM.png,42501,6c37cbd13cccb54259c279a07672c33374e33ac840ead0299bb6d0c7848458ab,/images/tverberg-support-vector-machines.webp
png/2024-edwards-boxes.png,15250,875528cd020dda6abc2eed198545b41812fd8163e5bed3542134da00c0cfbe33,/images/discrete-helly-boxes.webp
png/2024-hubard-rotation.png,26303,013f65c5ebcb72f728a11b9240bed2b940cc851119088ea64a9bbe806e52d88f,/images/bisecting-parallel-families.webp
png/2024-shira-polytopes.png,13810,5a44497aedc035e4d95504ea501c413dcbf6378114e026dd9ef8eb3bc5912fd9,/images/tverberg-polytopes.webp
png/assignments.png,112332,f6138ef0409243a501bb4daa584c83774a52edfd28346e8b8edbe2fd784231f4,/images/mass-assignments-flags.webp
png/blago.png,55384,dd1aa734a7e9eb57a1bd96cb276133c1d96ad62ba5b2ba66240494a9113623a8,/images/cutting-many-measures.webp
png/box.png,130389,956f870e3ad002b85f2c55c4c8be237034319e524042dfbb9aa5f481aa661ccf,/images/concave-functions.webp
png/chessobard.png,113993,0650a32ab4d79061f4d4df2f85e7edce15dba111bd83345ed33f4fa04a5275e2,/images/beyond-matroids.webp
png/coef.png,15137,d1125be64e609cf294fdbcda82c8cba00198cc83606c43345c9b850dba6bc39c,/images/equal-coefficients.webp
png/counterexample-tv.png,25624,513977b05fe0f4e67ca2bb6d626492a5388822494baca0490cf07c28c4f7e7f4,/images/tverberg-partition-graphs.webp
png/cut.png,159544,13a9f3be74af16fe01d3650e448d1980bd8acfcf7b1bb834cd5dcb16ca123248,/images/balanced-partitions-lines.webp
png/disktverberg.png,90085,c21a34a5e9faa8ebdf226028e7f96a134e0b27fe17b29cf9a98cc180abfab5f1,/images/tverberg-disks-hamiltonian.webp
png/downwedge.pdf,30607,efa17e3cb42861765442a801b97da1b63c4d0f6df350dbc694ab4b7ba3c54302,Not deployed; retain in original wix.zip
png/downwedge.png,28166,8ff5306e1592ef73ec657a5c4d3137bacef54cbf440d6266d60d7ae331772395,/images/yao-yao-central-transversals.webp
png/ellipsoid.png,216536,e66569015bc0d185138ace00f995a8450c58e3a9e1d633880d18f7f56c6427ef,/images/volumetric-helly-copies.webp
png/envyfree.png,101121,0bf7d91d6b20fd95b071fdf0f3b832673b7374e0634d3d63ba785754bd6641fd,/images/more-participants-than-allocations.webp
png/enyfree.png,56943,6d7a6fbe10ff1ac887415bb31a72bc083e5f31c468072fd5bf4b3e41f21807fc,/images/high-dimensional-envy-free.webp
png/fig-distribution.pdf,31739,f9f19291b778d6c1d2d2a09dc3dd4770b6e4173def4cda88bb0d2f9fae936914,Not deployed; retain in original wix.zip
png/fig-distribution.png,84707,9913bf32b9d03abade8547595a3361ab03b39908df8b472ff77c7e04ad4d9171,/images/tverberg-cores.webp
png/fig-elementary-sierksma.png,64598,bb05ff40d24c6d43d3df68daece67e0bacefeed27fd564f61f91e3698f377d09,/images/sierksma-seven-points.webp
png/fig-homothetic.pdf,51484,132a0b6c7bfa0b8c29cf341aabe91f73cc684bac841ca870b6d4ab2bf2562c15,Not deployed; retain in original wix.zip
png/fig-homothetic.pdf.autosave.ipe,10128,01274b23e72d957d0cfcd5b21553bea975df0630ccb3968684340c6ef393bf1b,Not deployed; retain in original wix.zip
png/fig-homothetic.png,93609,1ed91929cf92d3fc9f05b4acb8b49119fc55cc3ffb54500c005d4b095000b4f5,/images/cookie-cutters.webp
png/fig-rotate (1).pdf,24155,bac38942debfe1a724a4aa98600a633589d64fe6baddd655bb7af0e7b5a14674,Not deployed; retain in original wix.zip
png/fig-sphere-1.png,132595,e9ee6715004c243604ee06259761beba6e5ba08ab33c087df80d182f4f66e39b,/images/mass-assignments-spheres-wedges.webp
png/fig-sphere.pdf,60828,b76de4b409298a04be9082ba7255ac9e0e02ccedffa4b6bd9961b60d1a07b727,Not deployed; retain in original wix.zip
png/fig-sphere.png,1579220,6900f1c53434bba02e9ad11fe5b440f35449e5c225d7e463f594c0ed3bce03c6,Not deployed; retain in original wix.zip
png/fig-stairs (1).pdf,25004,f4f96ff990cac956ff2584b954b083d330a40e64775f0c123460f93c5be7203a,Not deployed; retain in original wix.zip
png/fig-stairs.png,47945,e5decb5ed04b176ce8a76f3478591dbf5bed4be028083aa284ff3b18b335c2aa,/images/fair-distribution-bundles.webp
png/fraction-optimal2.pdf,21687,c9916efc2fb3655e09d1582312a2f23f60fde6835d6cfa3a4b1615e70adb7854,Not deployed; retain in original wix.zip
png/fraction-optimal2.png,29198,96b700cb6b2b9c6284c9b3d2968c7bcd3daad1118113f944817efd97af8ee8af,/images/positive-fraction-weak-nets.webp
png/healthy.png,24847,30ab9be7a6548c18e2db9b24f3eac0117e9639831859623cbcc2a60261cea76b,/images/krasnosselsky-colorful-quantitative.webp
png/kkm.png,54305,da277bdc276b7a2a31fb407d578d09b565c9263aaac0f3b7a2c50820a6006b09,Not deployed; retain in original wix.zip
png/lift-mu.pdf,32023,3066ceab72cc29689b30f9f55c406a6bf6bd3026454e5804c3fddbe8f587d723,Not deployed; retain in original wix.zip
png/lift-mu.png,74109,9224066539496eb6f952311c619d397ccca47762ecacf1ab0813bd994344d3bd,/images/lifting-mass-partitions.webp
png/minus.png,16405,a844570ef6a46f459a86d4b2274aa19aa693abd2dbf99acc7e36d1c974c176d7,/images/tverberg-plus-minus.webp
png/pq.png,64853,1b7c80b0ee052efebae1794bb1177920c2344b7b77c01d3809f610af1e1ebc9b,/images/quantitative-pq.webp
png/proba.png,18132,97fcbf9b2abbd54fde719e0ba46f2b1bdcc45c161ef13b4cd0ecbacc07990316,/images/colorful-tverberg-tolerance.webp
png/red-yellow.png,191787,61d12602110f1cba6171bd8bacb9b5baa42536d71ad658d0610448e46d919aa2,/images/diameter-helly-melange.webp
png/regions.png,79645,172b8fc1592f3535e5961d87ab7dbb5c9f01553591f69df276c418c4c9499cd0,/images/hyperplane-depth.webp
png/split.png,98933,34d86dfb2973d839e0c1d54c944a5a9ff036125457313c76de4d6ab9031bcfb9,/images/mass-partitions-survey.webp
png/tvnet.png,31644,072a8b9cb243d1459114e225045443377e067a3d9fb898f107655d6055607c5e,/images/tverberg-weak-nets.webp
png/vshape.png,89325,e54289f09fbc7b1d0effa679edcf213efc0102b71ca853bdd07b552fd732b491,/images/colorful-hyperplane-counterexamples.webp
profile.pdf,282301,198c6c1c548e73064f64b2d3916b557c8a2625cebcb692c7bd1065bbcc8cb625,Not deployed; retain in original wix.zip
profile.png,1571218,44423a5da729fe7facde8b6eaff569ceed9de0343654d461b672e193e736d8a5,Not deployed; retain in original wix.zip
qrcode-psoberon.png,511,da035fed004fcad4568137c2f93569243ee8c63b1e943e82cd02cf765ebe5cf4,Not deployed; retain in original wix.zip
tverberg.png,46432,ca760de40bd875e36b2de061c6125b04477929ee575a77538bfcad790dcf64ed,/images/tverberg-fifty-years.webp
unam.svg,77936,e809156966f3223a8314f5ac081065c81454bf6505611416d908ca2d51547034,Not deployed; retain in original wix.zip
